{"stats":{"minecraft:killed_by":{"lycanitesmobs:roc":1,"lycanitesmobs:geonach":8,"lycanitesmobs:darkling":1},"minecraft:mined":{"minecraft:white_bed":3,"minecraft:brown_carpet":1,"minecraft:crafting_table":3,"minecraft:tall_grass":3,"minecraft:cobblestone":1,"minecraft:oak_planks":3,"minecraft:furnace":2,"iceandfire:copper_ore":1,"lycanitesmobs:equipmentforge_lesser":1,"minecraft:iron_ore":3,"minecraft:birch_leaves":1,"minecraft:stripped_spruce_log":1,"minecraft:peony":3,"minecraft:grass":14,"minecraft:oak_log":11,"minecraft:coal_ore":59,"minecraft:gravel":5,"minecraft:dirt":1,"minecraft:stone":53,"minecraft:oak_leaves":2},"minecraft:crafted":{"minecraft:oak_planks":40,"minecraft:crafting_table":2,"lycanitesmobs:equipmentpart_ironaxehead":1,"lycanitesmobs:equipmentpart_woodenrod":1,"minecraft:wooden_pickaxe":1,"lycanitesmobs:equipmentpart_ironrod":1,"minecraft:furnace":1,"lycanitesmobs:cooked_yale_meat":5,"minecraft:stone_axe":1,"minecraft:air":0,"lycanitesmobs:equipmentpart_woodenguard":1,"minecraft:stick":20,"lycanitesmobs:equipmentforge_lesser":1,"minecraft:iron_ingot":6,"minecraft:stone_pickaxe":2,"minecraft:wooden_axe":1,"minecraft:white_bed":1,"minecraft:torch":16,"lycanitesmobs:cooked_silex_meat":4},"minecraft:custom":{"minecraft:interact_with_furnace":10,"minecraft:mob_kills":46,"minecraft:interact_with_crafting_table":13,"minecraft:play_one_minute":34120,"minecraft:leave_game":1,"minecraft:time_since_death":8634,"minecraft:sleep_in_bed":2,"minecraft:climb_one_cm":495,"minecraft:time_since_rest":5629,"minecraft:damage_taken":2787,"minecraft:sprint_one_cm":112873,"minecraft:walk_one_cm":67695,"tombstone:sneak_grave":1,"minecraft:drop":22,"minecraft:damage_dealt":8626,"minecraft:swim_one_cm":8183,"minecraft:fly_one_cm":210638,"minecraft:open_chest":25,"minecraft:crouch_one_cm":18427,"tombstone:undead_killed":3,"minecraft:deaths":10,"minecraft:sneak_time":5639,"minecraft:walk_under_water_one_cm":2842,"minecraft:jump":1041,"minecraft:walk_on_water_one_cm":3916,"minecraft:fall_one_cm":20023},"minecraft:used":{"minecraft:peony":2,"minecraft:redstone":3,"minecraft:dispenser":1,"minecraft:stone_pickaxe":144,"minecraft:oak_planks":3,"minecraft:wooden_pickaxe":3,"lycanitesmobs:cooked_silex_meat":4,"minecraft:torch":10,"minecraft:dirt":8,"minecraft:oak_slab":8,"minecraft:crafting_table":3,"minecraft:white_bed":3,"lycanitesmobs:equipment":31,"minecraft:stripped_spruce_log":1,"lycanitesmobs:cooked_yale_meat":4,"minecraft:oak_log":1,"minecraft:brown_wool":1,"minecraft:stone_axe":77,"minecraft:cobblestone":6,"minecraft:brown_carpet":1,"minecraft:oak_sapling":1,"minecraft:furnace":2,"lycanitesmobs:equipmentforge_lesser":2,"tombstone:gift":3,"minecraft:observer":1},"minecraft:killed":{"lycanitesmobs:krake":1,"minecraft:pig":3,"lycanitesmobs:reaper":2,"lycanitesmobs:roc":2,"minecraft:spider":1,"lycanitesmobs:arisaur":2,"minecraft:sheep":4,"minecraft:horse":2,"lycanitesmobs:yale":14,"minecraft:zombie":1,"lycanitesmobs:geonach":9,"lycanitesmobs:maka":2,"minecraft:cow":3},"minecraft:broken":{"minecraft:stone_pickaxe":1,"minecraft:stone_axe":1},"minecraft:picked_up":{"minecraft:crafting_table":3,"lycanitesmobs:equipmentforge_lesser":1,"minecraft:feather":5,"minecraft:clay_ball":1,"minecraft:andesite":5,"minecraft:leather":6,"minecraft:brown_wool":2,"lycanitesmobs:cooked_yale_meat":6,"minecraft:oak_log":11,"lycanitesmobs:raw_krake_meat":1,"lycanitesmobs:raw_arisaur_meat":9,"minecraft:lapis_lazuli":4,"minecraft:string":1,"minecraft:dirt":7,"minecraft:bone":7,"lycanitesmobs:equipmentpart_geonachfist":1,"minecraft:beef":6,"minecraft:iron_ore":17,"minecraft:observer":1,"lycanitesmobs:raw_maka_meat":3,"minecraft:oak_planks":7,"minecraft:phantom_membrane":4,"minecraft:furnace":2,"minecraft:oak_slab":8,"minecraft:stone":44,"lycanitesmobs:raw_yale_meat":29,"lycanitesmobs:spectralboltcharge":3,"minecraft:quartz":25,"lycanitesmobs:raw_silex_meat":4,"minecraft:gravel":5,"minecraft:porkchop":10,"minecraft:stripped_spruce_log":1,"minecraft:redstone":3,"minecraft:diorite":1,"minecraft:white_bed":3,"minecraft:gold_ore":2,"minecraft:brown_carpet":1,"minecraft:dispenser":1,"minecraft:rotten_flesh":1,"minecraft:peony":2,"minecraft:granite":3,"minecraft:green_wool":1,"minecraft:oak_sapling":1,"minecraft:mutton":10,"minecraft:obsidian":2,"minecraft:coal":171,"minecraft:white_wool":13,"minecraft:cobblestone":144},"minecraft:dropped":{"minecraft:gravel":5,"minecraft:porkchop":3,"minecraft:feather":5,"minecraft:rotten_flesh":1,"minecraft:clay_ball":1,"minecraft:granite":3,"minecraft:coal":58,"minecraft:dirt":6,"minecraft:mutton":5,"minecraft:andesite":5,"minecraft:brown_wool":1,"minecraft:wooden_pickaxe":1,"lycanitesmobs:raw_krake_meat":1,"minecraft:green_wool":1}},"DataVersion":2586}